ID,Answer,Count,Percentage,Segment type_gender,Segment type_mobile,Segment type_university,Segment type_web,"Segment Description_Meridian, Idaho",Segment Description_SegDiscrip_Others
292974.2311,1,0.230742335,0.115371168,0.0,0.0,1.0,0.0,0.0,1.0
292889.7996,0,0.0,0.0,0.0,0.0,0.0,1.0,1.0,0.0
293724.035,1,0.0,0.0,0.0,0.0,1.0,0.0,0.0,1.0
292884.0724,0,1497.699982,0.388751531,0.0,1.0,0.0,0.0,1.0,0.0
292882.0964,0,1439.464988,0.373646208,0.0,1.0,0.0,0.0,1.0,0.0
292971.0,1,5.0,0.192,0.0,0.0,1.0,0.0,0.0,1.0
292891.2952,0,795.5120335,0.349878095,0.0,1.0,0.0,0.0,1.0,0.0
293256.7684,0,2.961399348,0.264475244,0.0,0.0,1.0,0.0,0.0,1.0
292895.4703,0,901.7250518,0.404485365,1.0,0.0,0.0,0.0,1.0,0.0
292887.7945,0,0.0,0.0,0.0,0.0,0.0,1.0,1.0,0.0
292887.8061,0,0.0,0.0,0.0,0.0,0.0,1.0,1.0,0.0
292893.6454,0,795.172358,0.382494553,0.0,1.0,0.0,0.0,1.0,0.0
292894.6233,0,432.2288728,0.208941722,1.0,0.0,0.0,0.0,1.0,0.0
292884.7246,0,1211.021997,0.314391371,0.0,1.0,0.0,0.0,1.0,0.0
292898.4442,0,495.9545433,0.268530987,1.0,0.0,0.0,0.0,1.0,0.0
292895.0521,0,1168.741281,0.527643713,1.0,0.0,0.0,0.0,1.0,0.0
292888.5162,0,0.0,0.0,0.0,0.0,0.0,1.0,1.0,0.0
293661.2035,1,2.98304465,0.419812638,0.0,0.0,1.0,0.0,0.0,1.0
292895.0791,0,905.8248185,0.41012767,0.0,1.0,0.0,0.0,1.0,0.0
293487.0,1,0.0,0.0,0.0,0.0,1.0,0.0,0.0,1.0
292883.4337,0,1778.37105,0.461553583,0.0,1.0,0.0,0.0,1.0,0.0
292890.3607,0,0.0,0.0,0.0,0.0,0.0,1.0,1.0,0.0
292897.5965,0,568.2338491,0.264567318,1.0,0.0,0.0,0.0,1.0,0.0
292886.6007,0,796.1905312,0.284727129,0.0,1.0,0.0,0.0,1.0,0.0
292897.564,0,360.1825396,0.201590055,1.0,0.0,0.0,0.0,1.0,0.0
292894.7425,0,795.0137928,0.397720362,0.0,1.0,0.0,0.0,1.0,0.0
292893.3382,0,942.1043666,0.372669821,1.0,0.0,0.0,0.0,1.0,0.0
292888.0415,0,0.0,0.0,0.0,0.0,0.0,1.0,1.0,0.0
293767.0,0,0.0,0.0,0.0,0.0,1.0,0.0,0.0,1.0
292894.2242,0,921.4454391,0.399345473,0.0,1.0,0.0,0.0,1.0,0.0
292897.1528,0,490.2723177,0.255358555,1.0,0.0,0.0,0.0,1.0,0.0
292886.6728,0,1059.432146,0.304099586,0.0,1.0,0.0,0.0,1.0,0.0
292893.0587,0,1133.734198,0.461559106,1.0,0.0,0.0,0.0,1.0,0.0
292888.3879,0,0.0,0.0,0.0,0.0,0.0,1.0,1.0,0.0
293425.0,0,0.0,0.0,0.0,0.0,1.0,0.0,0.0,1.0
292892.8169,0,947.1625713,0.381594118,0.0,1.0,0.0,0.0,1.0,0.0
292898.2234,0,970.5366295,0.505973338,1.0,0.0,0.0,0.0,1.0,0.0
292888.9807,0,0.0,0.0,0.0,0.0,0.0,1.0,1.0,0.0
293645.0,0,0.0,0.0,0.0,0.0,1.0,0.0,1.0,0.0
293133.0,1,2.0,0.667,0.0,0.0,1.0,0.0,0.0,1.0
292900.647,0,777.3206426,0.466879401,1.0,0.0,0.0,0.0,1.0,0.0
292901.3552,0,437.4630365,0.26689097,1.0,0.0,0.0,0.0,1.0,0.0
292882.4593,0,1652.175695,0.428820317,0.0,1.0,0.0,0.0,1.0,0.0
293279.0,0,3.0,0.5,0.0,0.0,1.0,0.0,0.0,1.0
292882.5902,0,1728.829439,0.448703199,0.0,1.0,0.0,0.0,1.0,0.0
292892.759,0,1127.82637,0.451301347,1.0,0.0,0.0,0.0,1.0,0.0
292881.6548,0,1180.733531,0.306534977,0.0,1.0,0.0,0.0,1.0,0.0
292882.1046,0,796.8403524,0.222329742,0.0,1.0,0.0,0.0,1.0,0.0
292898.2364,0,642.9306992,0.329476231,1.0,0.0,0.0,0.0,1.0,0.0
292883.8418,0,1005.163538,0.260994638,0.0,1.0,0.0,0.0,1.0,0.0
292890.4207,0,0.0,0.0,0.0,0.0,0.0,1.0,1.0,0.0
293351.0,0,2.0,0.667,0.0,0.0,1.0,0.0,0.0,1.0
292883.4329,0,1778.734068,0.461647745,0.0,1.0,0.0,0.0,1.0,0.0
292898.135,0,637.2775491,0.323696328,1.0,0.0,0.0,0.0,1.0,0.0
292893.3803,0,462.6827149,0.212049257,1.0,0.0,0.0,0.0,1.0,0.0
292890.2458,0,0.0,0.0,0.0,0.0,0.0,1.0,1.0,0.0
292895.585,0,1135.439981,0.524002771,1.0,0.0,0.0,0.0,1.0,0.0
292890.7638,0,0.0,0.0,0.0,0.0,0.0,1.0,1.0,0.0
293327.0,0,6.0,0.545,0.0,0.0,1.0,0.0,0.0,1.0
292899.9315,0,502.4987233,0.283701586,1.0,0.0,0.0,0.0,1.0,0.0
292887.833,0,0.0,0.0,0.0,0.0,0.0,1.0,1.0,0.0
292898.7185,0,794.4391496,0.452898976,0.0,1.0,0.0,0.0,1.0,0.0
292943.0,0,30.0,0.682,0.0,0.0,1.0,0.0,0.0,1.0
292897.307,0,571.0321146,0.261865545,1.0,0.0,0.0,0.0,1.0,0.0
292894.2715,0,504.4238662,0.227622528,1.0,0.0,0.0,0.0,1.0,0.0
292894.2287,0,477.4062375,0.225532641,1.0,0.0,0.0,0.0,1.0,0.0
293481.0,1,1.0,1.0,0.0,0.0,1.0,0.0,0.0,1.0
292890.8971,0,0.0,0.0,0.0,0.0,0.0,1.0,1.0,0.0
293505.0,1,0.0,0.0,0.0,0.0,1.0,0.0,0.0,1.0
292895.5398,0,900.4091315,0.4055222,1.0,0.0,0.0,0.0,1.0,0.0
293211.6949,1,0.147365076,0.147365076,0.0,0.0,1.0,0.0,0.0,1.0
292895.5147,0,410.3904293,0.206713309,1.0,0.0,0.0,0.0,1.0,0.0
292883.5498,0,983.7764473,0.255447133,0.0,1.0,0.0,0.0,1.0,0.0
292891.2156,0,795.5235355,0.348773647,0.0,1.0,0.0,0.0,1.0,0.0
292887.3321,0,0.0,0.0,0.0,0.0,0.0,1.0,1.0,0.0
292890.1824,0,0.0,0.0,0.0,0.0,0.0,1.0,1.0,0.0
292892.2566,0,962.5892357,0.356529447,1.0,0.0,0.0,0.0,1.0,0.0
292889.7039,0,0.0,0.0,0.0,0.0,0.0,1.0,1.0,0.0
292888.4195,0,0.0,0.0,0.0,0.0,0.0,1.0,1.0,0.0
292887.3552,0,0.0,0.0,0.0,0.0,0.0,1.0,1.0,0.0
292919.0,0,2.0,0.667,0.0,0.0,1.0,0.0,0.0,1.0
292894.4223,0,508.2691313,0.229356667,1.0,0.0,0.0,0.0,1.0,0.0
292884.7935,0,1180.746942,0.306538456,0.0,1.0,0.0,0.0,1.0,0.0
293763.0,1,1.0,1.0,0.0,0.0,1.0,0.0,0.0,1.0
292882.2642,0,1537.800704,0.399153084,0.0,1.0,0.0,0.0,1.0,0.0
292890.9838,0,0.0,0.0,0.0,0.0,0.0,1.0,1.0,0.0
292901.8162,0,527.4438559,0.30395076,1.0,0.0,0.0,0.0,1.0,0.0
293759.6716,1,0.0,0.0,0.0,0.0,1.0,0.0,0.0,1.0
292887.5338,0,0.0,0.0,0.0,0.0,0.0,1.0,1.0,0.0
292899.9861,0,372.0881457,0.226844571,1.0,0.0,0.0,0.0,1.0,0.0
292890.23,0,795.6659896,0.335094867,0.0,1.0,0.0,0.0,1.0,0.0
292897.0041,0,1046.743269,0.514305264,1.0,0.0,0.0,0.0,1.0,0.0
292883.5008,0,1748.899971,0.453909207,0.0,1.0,0.0,0.0,1.0,0.0
292889.1361,0,0.0,0.0,0.0,0.0,0.0,1.0,1.0,0.0
292881.9729,0,868.2638577,0.225484823,0.0,1.0,0.0,0.0,1.0,0.0
293719.0,0,0.0,0.0,0.0,0.0,1.0,0.0,0.0,1.0
292884.0579,0,1504.061802,0.390401696,0.0,1.0,0.0,0.0,1.0,0.0
292890.0653,0,0.0,0.0,0.0,0.0,0.0,1.0,1.0,0.0
292884.7254,0,796.4615722,0.258701125,0.0,1.0,0.0,0.0,1.0,0.0
293734.5788,0,0.535102048,0.133775512,0.0,0.0,1.0,0.0,0.0,1.0
292887.3183,0,0.0,0.0,0.0,0.0,0.0,1.0,1.0,0.0
293563.0,0,0.0,0.0,0.0,0.0,1.0,0.0,0.0,1.0
292888.2749,0,0.0,0.0,0.0,0.0,0.0,1.0,1.0,0.0
292883.179,0,1890.334295,0.490595244,0.0,1.0,0.0,0.0,1.0,0.0
292882.6953,0,1790.440285,0.464684169,0.0,1.0,0.0,0.0,1.0,0.0
292884.2193,0,796.5347194,0.251677351,0.0,1.0,0.0,0.0,1.0,0.0
292899.7181,0,821.0561623,0.468639581,0.0,1.0,0.0,0.0,1.0,0.0
292896.8333,0,873.7695245,0.432253967,0.0,1.0,0.0,0.0,1.0,0.0
292889.0621,0,0.0,0.0,0.0,0.0,0.0,1.0,1.0,0.0
293533.6643,0,1.48615956,0.708304264,0.0,0.0,1.0,0.0,0.0,1.0
292882.0993,0,877.523306,0.227886591,0.0,1.0,0.0,0.0,1.0,0.0
292900.3686,0,390.3482649,0.238030089,1.0,0.0,0.0,0.0,1.0,0.0
293637.0,1,0.0,0.0,0.0,0.0,1.0,0.0,0.0,1.0
292889.8482,0,0.0,0.0,0.0,0.0,0.0,1.0,1.0,0.0
292887.3872,0,0.0,0.0,0.0,0.0,0.0,1.0,1.0,0.0
292888.8447,0,0.0,0.0,0.0,0.0,0.0,1.0,1.0,0.0
292898.1668,0,849.4021702,0.449073633,0.0,1.0,0.0,0.0,1.0,0.0
292890.8005,0,0.0,0.0,0.0,0.0,0.0,1.0,1.0,0.0
292931.2709,0,7.561970467,0.295054693,0.0,0.0,1.0,0.0,0.0,1.0
292887.2386,0,0.0,0.0,0.0,0.0,0.0,1.0,1.0,0.0
292896.2244,0,1095.472977,0.519633045,1.0,0.0,0.0,0.0,1.0,0.0
292889.7548,0,0.0,0.0,0.0,0.0,0.0,1.0,1.0,0.0
292900.73,0,537.9429164,0.293813736,1.0,0.0,0.0,0.0,1.0,0.0
292896.8169,0,794.7139856,0.426508562,0.0,1.0,0.0,0.0,1.0,0.0
292896.9541,0,1049.868213,0.514646925,1.0,0.0,0.0,0.0,1.0,0.0
292887.2338,0,1049.181745,0.311174967,0.0,1.0,0.0,0.0,1.0,0.0
293107.0,0,1.0,0.5,0.0,0.0,1.0,0.0,0.0,1.0
292895.4864,0,411.082227,0.206783901,1.0,0.0,0.0,0.0,1.0,0.0
293512.5922,0,1.925163426,0.444901944,0.0,0.0,1.0,0.0,0.0,1.0
292901.9099,0,463.9488214,0.283115247,1.0,0.0,0.0,0.0,1.0,0.0
292883.2125,0,959.0650496,0.249037351,0.0,1.0,0.0,0.0,1.0,0.0
293689.0,0,4.0,0.5,0.0,0.0,1.0,0.0,0.0,1.0
292889.9952,0,0.0,0.0,0.0,0.0,0.0,1.0,1.0,0.0
292894.2955,0,923.9746655,0.386954519,1.0,0.0,0.0,0.0,1.0,0.0
292888.9395,0,0.0,0.0,0.0,0.0,0.0,1.0,1.0,0.0
293503.8613,0,1.571776168,0.371309003,0.0,0.0,1.0,0.0,0.0,1.0
292889.6891,0,0.0,0.0,0.0,0.0,0.0,1.0,1.0,0.0
292883.866,0,1588.406883,0.412279601,0.0,1.0,0.0,0.0,1.0,0.0
292899.2946,0,551.8184742,0.280416646,1.0,0.0,0.0,0.0,1.0,0.0
292888.5156,0,0.0,0.0,0.0,0.0,0.0,1.0,1.0,0.0
292900.3495,0,837.6573174,0.4914452,1.0,0.0,0.0,0.0,1.0,0.0
292887.214,0,0.0,0.0,0.0,0.0,0.0,1.0,1.0,0.0
292888.5703,0,0.0,0.0,0.0,0.0,0.0,1.0,1.0,0.0
292883.3209,0,1827.948941,0.474413377,0.0,1.0,0.0,0.0,1.0,0.0
293115.0,1,3.0,0.231,0.0,0.0,1.0,0.0,0.0,1.0
292900.6111,0,401.9284511,0.245123711,1.0,0.0,0.0,0.0,1.0,0.0
293777.0,0,4.0,0.8,0.0,0.0,1.0,0.0,0.0,1.0
292899.1357,0,794.3788391,0.458690129,0.0,1.0,0.0,0.0,1.0,0.0
292893.6515,0,795.1714762,0.382579226,0.0,1.0,0.0,0.0,1.0,0.0
292888.4891,0,0.0,0.0,0.0,0.0,0.0,1.0,1.0,0.0
292887.2679,0,796.0940962,0.293987044,0.0,1.0,0.0,0.0,1.0,0.0
292896.6591,0,565.3062278,0.255079279,1.0,0.0,0.0,0.0,1.0,0.0
292883.0682,0,796.7010865,0.235702386,0.0,1.0,0.0,0.0,1.0,0.0
292999.0,0,1.0,0.143,0.0,0.0,1.0,0.0,0.0,1.0
292881.0279,0,796.9959624,0.207387696,0.0,1.0,0.0,0.0,1.0,0.0
292887.165,0,0.0,0.0,0.0,0.0,0.0,1.0,1.0,0.0
292900.4839,0,829.2532934,0.49052636,1.0,0.0,0.0,0.0,1.0,0.0
293041.1718,1,0.434900985,0.028920916,0.0,0.0,1.0,0.0,0.0,1.0
292893.1269,0,946.1062836,0.369516643,1.0,0.0,0.0,0.0,1.0,0.0
292886.3816,0,1064.754904,0.300425531,0.0,1.0,0.0,0.0,1.0,0.0
292893.2967,0,938.3938515,0.387646762,0.0,1.0,0.0,0.0,1.0,0.0
292883.6621,0,991.9991937,0.257579996,0.0,1.0,0.0,0.0,1.0,0.0
292891.3902,0,795.4982995,0.351196867,0.0,1.0,0.0,0.0,1.0,0.0
292890.9026,0,0.0,0.0,0.0,0.0,0.0,1.0,1.0,0.0
292900.5374,0,806.0857477,0.47897297,0.0,1.0,0.0,0.0,1.0,0.0
292889.8268,0,1070.029033,0.35094786,1.0,0.0,0.0,0.0,1.0,0.0
292894.8695,0,913.1040821,0.395519635,1.0,0.0,0.0,0.0,1.0,0.0
292895.5178,0,483.0781454,0.238681155,1.0,0.0,0.0,0.0,1.0,0.0
292902.3824,0,521.9699339,0.309235926,1.0,0.0,0.0,0.0,1.0,0.0
292885.0,0,1090.0,0.283,0.0,1.0,0.0,0.0,0.0,1.0
292893.4339,0,483.0646869,0.217989957,1.0,0.0,0.0,0.0,1.0,0.0
292887.3707,0,0.0,0.0,0.0,0.0,0.0,1.0,1.0,0.0
292898.7636,0,556.9515384,0.275460584,1.0,0.0,0.0,0.0,1.0,0.0
292902.0438,0,511.7927252,0.305246772,1.0,0.0,0.0,0.0,1.0,0.0
292889.6932,0,0.0,0.0,0.0,0.0,0.0,1.0,1.0,0.0
293421.0,1,1.0,0.333,0.0,0.0,1.0,0.0,0.0,1.0
293479.0,0,1.0,0.2,0.0,0.0,1.0,0.0,0.0,1.0
292895.1165,0,908.4270339,0.39920476,1.0,0.0,0.0,0.0,1.0,0.0
292889.9922,0,0.0,0.0,0.0,0.0,0.0,1.0,1.0,0.0
292898.8409,0,328.8988152,0.198397838,1.0,0.0,0.0,0.0,1.0,0.0
292889.9193,0,0.0,0.0,0.0,0.0,0.0,1.0,1.0,0.0
292888.5056,0,0.0,0.0,0.0,0.0,0.0,1.0,1.0,0.0
292885.7992,0,1075.396725,0.29307997,0.0,1.0,0.0,0.0,1.0,0.0
293692.8982,0,0.779191974,0.086490309,0.0,0.0,1.0,0.0,0.0,1.0
292889.2954,0,0.0,0.0,0.0,0.0,0.0,1.0,1.0,0.0
292897.2769,0,865.6645494,0.43784846,0.0,1.0,0.0,0.0,1.0,0.0
292987.0,0,2.0,0.222,0.0,0.0,1.0,0.0,0.0,1.0
292900.7196,0,802.3111079,0.482815288,1.0,0.0,0.0,0.0,1.0,0.0
293059.5943,1,0.882859998,0.176572,0.0,0.0,1.0,0.0,0.0,1.0
292953.0,1,31.0,0.258,0.0,0.0,1.0,0.0,0.0,1.0
292884.4211,0,1344.445534,0.348999524,0.0,1.0,0.0,0.0,1.0,0.0
293543.0,0,1.0,1.0,0.0,0.0,1.0,0.0,0.0,1.0
292892.9214,0,1131.027886,0.456860138,1.0,0.0,0.0,0.0,1.0,0.0
292881.3813,0,1020.424253,0.264953049,0.0,1.0,0.0,0.0,1.0,0.0
292888.6537,0,0.0,0.0,0.0,0.0,0.0,1.0,1.0,0.0
292886.7117,0,796.1744884,0.286267596,0.0,1.0,0.0,0.0,1.0,0.0
293091.0,1,12.0,0.164,0.0,0.0,1.0,0.0,0.0,1.0
292893.1191,0,475.037376,0.214369797,1.0,0.0,0.0,0.0,1.0,0.0
292900.7223,0,814.3544823,0.488897423,1.0,0.0,0.0,0.0,1.0,0.0
292888.0772,0,0.0,0.0,0.0,0.0,0.0,1.0,1.0,0.0
292883.3799,0,971.3245653,0.252217293,0.0,1.0,0.0,0.0,1.0,0.0
293627.0,0,1.0,1.0,0.0,0.0,1.0,0.0,0.0,1.0
293157.0,1,1.0,1.0,0.0,0.0,1.0,0.0,0.0,1.0
292894.0686,0,928.2729639,0.383567817,1.0,0.0,0.0,0.0,1.0,0.0
292884.0698,0,1498.808085,0.389038957,0.0,1.0,0.0,0.0,1.0,0.0
292888.9514,0,0.0,0.0,0.0,0.0,0.0,1.0,1.0,0.0
293059.0,0,23.0,0.267,0.0,0.0,1.0,0.0,0.0,1.0
293141.0,0,2.0,0.286,0.0,0.0,1.0,0.0,0.0,1.0
292977.6358,0,2.677263305,0.505811333,0.0,0.0,1.0,0.0,0.0,1.0
292889.7918,0,0.0,0.0,0.0,0.0,0.0,1.0,1.0,0.0
293101.9338,0,1.077814251,0.089817854,0.0,0.0,1.0,0.0,0.0,1.0
292890.9986,0,0.0,0.0,0.0,0.0,0.0,1.0,1.0,0.0
292888.4211,0,0.0,0.0,0.0,0.0,0.0,1.0,1.0,0.0
292887.4948,0,0.0,0.0,0.0,0.0,0.0,1.0,1.0,0.0
293759.0,0,5.0,0.5,0.0,0.0,1.0,0.0,0.0,1.0
292896.7424,0,488.4667616,0.251172947,1.0,0.0,0.0,0.0,1.0,0.0
293643.0,1,1.0,1.0,0.0,0.0,1.0,0.0,1.0,0.0
293077.4996,0,0.319455309,0.319455309,0.0,0.0,1.0,0.0,0.0,1.0
293733.0,1,0.0,0.0,0.0,0.0,1.0,0.0,0.0,1.0
293035.0,0,5.0,0.385,0.0,0.0,1.0,0.0,0.0,1.0
293123.0,0,8.0,0.667,0.0,0.0,1.0,0.0,0.0,1.0
292892.7509,0,795.3016443,0.370080176,0.0,1.0,0.0,0.0,1.0,0.0
292888.9219,0,1018.334829,0.332467177,0.0,1.0,0.0,0.0,1.0,0.0
292893.6501,0,1145.391178,0.481799115,1.0,0.0,0.0,0.0,1.0,0.0
293713.0,0,0.0,0.0,0.0,0.0,1.0,0.0,0.0,1.0
292884.4758,0,1051.600817,0.273039802,0.0,1.0,0.0,0.0,1.0,0.0
292899.21,0,335.02906,0.204143456,1.0,0.0,0.0,0.0,1.0,0.0
292890.2721,0,0.0,0.0,0.0,0.0,0.0,1.0,1.0,0.0
292890.1259,0,0.0,0.0,0.0,0.0,0.0,1.0,1.0,0.0
292890.0799,0,0.0,0.0,0.0,0.0,0.0,1.0,1.0,0.0
292889.1362,0,0.0,0.0,0.0,0.0,0.0,1.0,1.0,0.0
293635.0,0,12.0,0.387,0.0,0.0,1.0,0.0,0.0,1.0
292892.2768,0,962.2073658,0.356830329,1.0,0.0,0.0,0.0,1.0,0.0
292895.5503,0,897.2147087,0.416070833,0.0,1.0,0.0,0.0,1.0,0.0
292882.6311,0,916.4764873,0.237990488,0.0,1.0,0.0,0.0,1.0,0.0
292883.0043,0,943.8115096,0.245080801,0.0,1.0,0.0,0.0,1.0,0.0
292889.0736,0,0.0,0.0,0.0,0.0,0.0,1.0,1.0,0.0
292890.3774,0,1080.88222,0.369792244,1.0,0.0,0.0,0.0,1.0,0.0
292881.059,0,831.5813911,0.215969917,0.0,1.0,0.0,0.0,1.0,0.0
292890.2709,0,0.0,0.0,0.0,0.0,0.0,1.0,1.0,0.0
292882.5032,0,1677.859419,0.435482307,0.0,1.0,0.0,0.0,1.0,0.0
292883.0936,0,1927.857214,0.500328151,0.0,1.0,0.0,0.0,1.0,0.0
292889.4335,0,0.0,0.0,0.0,0.0,0.0,1.0,1.0,0.0
292890.7654,0,0.0,0.0,0.0,0.0,0.0,1.0,1.0,0.0
292888.6299,0,0.0,0.0,0.0,0.0,0.0,1.0,1.0,0.0
292884.0338,0,1019.223787,0.264641665,0.0,1.0,0.0,0.0,1.0,0.0
293341.0,0,1.0,0.091,0.0,0.0,1.0,0.0,0.0,1.0
293225.0,0,1.0,0.333,0.0,0.0,1.0,0.0,0.0,1.0
292898.8164,0,556.441909,0.27595264,1.0,0.0,0.0,0.0,1.0,0.0
292931.0,0,1.0,0.25,0.0,0.0,1.0,0.0,0.0,1.0
292888.3816,0,0.0,0.0,0.0,0.0,0.0,1.0,1.0,0.0
292887.1135,0,1051.379218,0.309658153,0.0,1.0,0.0,0.0,1.0,0.0
293397.1636,0,1.15984926,0.57992463,0.0,0.0,1.0,0.0,0.0,1.0
292890.7557,0,0.0,0.0,0.0,0.0,0.0,1.0,1.0,0.0
292901.0305,0,794.1049849,0.48498627,0.0,1.0,0.0,0.0,1.0,0.0
292895.6984,0,897.405491,0.40788882,1.0,0.0,0.0,0.0,1.0,0.0
293531.0,0,1.0,1.0,0.0,0.0,1.0,0.0,0.0,1.0
292890.3883,0,0.0,0.0,0.0,0.0,0.0,1.0,1.0,0.0
292889.7777,0,1069.059818,0.349265011,1.0,0.0,0.0,0.0,1.0,0.0
292890.7473,0,795.591227,0.342273747,0.0,1.0,0.0,0.0,1.0,0.0
292900.4044,0,541.0911687,0.290774044,1.0,0.0,0.0,0.0,1.0,0.0
293619.0,1,0.0,0.0,0.0,0.0,1.0,0.0,0.0,1.0
292888.3317,0,0.0,0.0,0.0,0.0,0.0,1.0,1.0,0.0
292887.2049,0,0.0,0.0,0.0,0.0,0.0,1.0,1.0,0.0
292897.962,0,853.1455432,0.446489755,0.0,1.0,0.0,0.0,1.0,0.0
292893.0983,0,474.5067383,0.21413049,1.0,0.0,0.0,0.0,1.0,0.0
292896.048,0,549.7228497,0.248051481,1.0,0.0,0.0,0.0,1.0,0.0
292890.8852,0,0.0,0.0,0.0,0.0,0.0,1.0,1.0,0.0
292881.6008,0,1149.098029,0.298329182,0.0,1.0,0.0,0.0,1.0,0.0
292881.2261,0,929.4819644,0.241363923,0.0,1.0,0.0,0.0,1.0,0.0
292888.1597,0,0.0,0.0,0.0,0.0,0.0,1.0,1.0,0.0
292881.5615,0,838.1324996,0.217669181,0.0,1.0,0.0,0.0,1.0,0.0
293731.0,0,0.0,0.0,0.0,0.0,1.0,0.0,0.0,1.0
292889.0894,0,0.0,0.0,0.0,0.0,0.0,1.0,1.0,0.0
293331.0,1,7.0,0.233,0.0,0.0,1.0,0.0,0.0,1.0
292890.4088,0,0.0,0.0,0.0,0.0,0.0,1.0,1.0,0.0
292881.0112,0,803.5622745,0.20870216,0.0,1.0,0.0,0.0,1.0,0.0
292891.6014,0,795.4677768,0.354127733,0.0,1.0,0.0,0.0,1.0,0.0
292902.8651,0,517.3039663,0.313740998,1.0,0.0,0.0,0.0,1.0,0.0
292888.2962,0,0.0,0.0,0.0,0.0,0.0,1.0,1.0,0.0
292884.6784,0,1231.352762,0.31966488,0.0,1.0,0.0,0.0,1.0,0.0
292888.1821,0,0.0,0.0,0.0,0.0,0.0,1.0,1.0,0.0
293493.0,1,0.0,0.0,0.0,0.0,1.0,0.0,0.0,1.0
293771.0,0,1.0,1.0,0.0,0.0,1.0,0.0,0.0,1.0
293373.0,1,0.0,0.0,0.0,0.0,1.0,0.0,0.0,1.0
293497.0,0,1.0,0.333,0.0,0.0,1.0,0.0,0.0,1.0
292895.9872,0,1110.30023,0.521254158,1.0,0.0,0.0,0.0,1.0,0.0
292890.3278,0,0.0,0.0,0.0,0.0,0.0,1.0,1.0,0.0
292893.6289,0,488.0366543,0.220232217,1.0,0.0,0.0,0.0,1.0,0.0
292892.6027,0,1124.745637,0.445952273,1.0,0.0,0.0,0.0,1.0,0.0
292899.763,0,728.0369624,0.416490706,1.0,0.0,0.0,0.0,1.0,0.0
292888.6274,0,0.0,0.0,0.0,0.0,0.0,1.0,1.0,0.0
292887.0663,0,0.0,0.0,0.0,0.0,0.0,1.0,1.0,0.0
293100.2036,0,5.582956917,0.350218728,0.0,0.0,1.0,0.0,0.0,1.0
292899.6818,0,723.5119755,0.411864262,1.0,0.0,0.0,0.0,1.0,0.0
292983.0,1,3.0,0.333,0.0,0.0,1.0,0.0,0.0,1.0
292883.7859,0,1001.063701,0.259931199,0.0,1.0,0.0,0.0,1.0,0.0
293761.0,0,1.0,0.1,0.0,0.0,1.0,0.0,0.0,1.0
292883.355,0,969.5007057,0.25174421,0.0,1.0,0.0,0.0,1.0,0.0
292895.5676,0,537.4730375,0.242527056,1.0,0.0,0.0,0.0,1.0,0.0
292881.8907,0,1318.955991,0.342387902,0.0,1.0,0.0,0.0,1.0,0.0
293451.0,1,0.0,0.0,0.0,0.0,1.0,0.0,0.0,1.0
292900.4224,0,504.658471,0.288708274,1.0,0.0,0.0,0.0,1.0,0.0
293460.5871,0,1.591935158,0.704032421,0.0,0.0,1.0,0.0,0.0,1.0
292881.1023,0,856.9348837,0.22254625,0.0,1.0,0.0,0.0,1.0,0.0
293545.0,0,0.0,0.0,0.0,0.0,1.0,0.0,0.0,1.0
292889.3739,0,0.0,0.0,0.0,0.0,0.0,1.0,1.0,0.0
292902.9149,0,515.62549,0.314131818,1.0,0.0,0.0,0.0,1.0,0.0
292897.1832,0,867.3759414,0.436667164,0.0,1.0,0.0,0.0,1.0,0.0
292898.5781,0,496.5436972,0.269896753,1.0,0.0,0.0,0.0,1.0,0.0
292884.6922,0,1067.451761,0.27715131,0.0,1.0,0.0,0.0,1.0,0.0
292887.9302,0,0.0,0.0,0.0,0.0,0.0,1.0,1.0,0.0
293675.0,0,4.0,0.444,0.0,0.0,1.0,0.0,0.0,1.0
292901.3525,0,531.9253528,0.299623797,1.0,0.0,0.0,0.0,1.0,0.0
292892.5345,0,957.3263643,0.360676152,1.0,0.0,0.0,0.0,1.0,0.0
292890.0821,0,0.0,0.0,0.0,0.0,0.0,1.0,1.0,0.0
293747.0,0,1.0,1.0,0.0,0.0,1.0,0.0,0.0,1.0
292898.9073,0,835.8717012,0.458413095,0.0,1.0,0.0,0.0,1.0,0.0
292900.728,0,407.5108128,0.248543273,1.0,0.0,0.0,0.0,1.0,0.0
292881.188,0,791.9070662,0.207094023,0.0,0.0,1.0,0.0,0.0,1.0
292898.9686,0,554.9706069,0.277373207,1.0,0.0,0.0,0.0,1.0,0.0
292889.9263,0,999.9819233,0.345135345,0.0,1.0,0.0,0.0,1.0,0.0
292899.3449,0,551.3322997,0.280886055,1.0,0.0,0.0,0.0,1.0,0.0
293469.0,1,0.0,0.0,0.0,0.0,1.0,0.0,0.0,1.0
292883.6661,0,1676.229682,0.435059576,0.0,1.0,0.0,0.0,1.0,0.0
292888.9197,0,0.0,0.0,0.0,0.0,0.0,1.0,1.0,0.0
292889.5768,0,0.0,0.0,0.0,0.0,0.0,1.0,1.0,0.0
292898.8057,0,794.4265367,0.454110094,0.0,1.0,0.0,0.0,1.0,0.0
292884.6198,0,1062.149865,0.275776074,0.0,1.0,0.0,0.0,1.0,0.0
292883.8538,0,1593.751067,0.413665806,0.0,1.0,0.0,0.0,1.0,0.0
292881.3635,0,823.6295195,0.213907316,0.0,1.0,0.0,0.0,1.0,0.0
292890.268,0,0.0,0.0,0.0,0.0,0.0,1.0,1.0,0.0
292897.2023,0,1034.357658,0.512951104,1.0,0.0,0.0,0.0,1.0,0.0
292888.2603,0,0.0,0.0,0.0,0.0,0.0,1.0,1.0,0.0
292902.768,0,514.9792793,0.312633784,1.0,0.0,0.0,0.0,1.0,0.0
292882.7687,0,1833.444286,0.475838791,0.0,1.0,0.0,0.0,1.0,0.0
292888.5805,0,0.0,0.0,0.0,0.0,0.0,1.0,1.0,0.0
292892.8936,0,1130.480044,0.455908921,1.0,0.0,0.0,0.0,1.0,0.0
292900.2967,0,810.3196301,0.476505239,1.0,0.0,0.0,0.0,1.0,0.0
292899.331,0,794.3506137,0.461400402,0.0,1.0,0.0,0.0,1.0,0.0
293715.0,1,1.0,1.0,0.0,0.0,1.0,0.0,0.0,1.0
292889.3799,0,0.0,0.0,0.0,0.0,0.0,1.0,1.0,0.0
292896.7979,0,1059.63369,0.515714617,1.0,0.0,0.0,0.0,1.0,0.0
292881.2215,0,813.2246759,0.211208448,0.0,1.0,0.0,0.0,1.0,0.0
292897.405,0,596.576612,0.282082814,1.0,0.0,0.0,0.0,1.0,0.0
293017.0,0,2.0,0.133,0.0,0.0,1.0,0.0,0.0,1.0
292889.1074,0,0.0,0.0,0.0,0.0,0.0,1.0,1.0,0.0
293069.0,0,7.0,0.7,0.0,0.0,1.0,0.0,0.0,1.0
292891.8103,0,965.5545142,0.368899004,0.0,1.0,0.0,0.0,1.0,0.0
292887.7905,0,0.0,0.0,0.0,0.0,0.0,1.0,1.0,0.0
292888.1482,0,0.0,0.0,0.0,0.0,0.0,1.0,1.0,0.0
293571.0,1,0.0,0.0,0.0,0.0,1.0,0.0,0.0,1.0
292882.617,0,915.4433801,0.237722515,0.0,1.0,0.0,0.0,1.0,0.0
292889.9302,0,0.0,0.0,0.0,0.0,0.0,1.0,1.0,0.0
292884.7154,0,1215.061796,0.315439237,0.0,1.0,0.0,0.0,1.0,0.0
292888.0884,0,0.0,0.0,0.0,0.0,0.0,1.0,1.0,0.0
293435.0,0,0.0,0.0,0.0,0.0,1.0,0.0,0.0,1.0
293363.0,0,4.0,0.667,0.0,0.0,1.0,0.0,0.0,1.0
292890.1342,0,0.0,0.0,0.0,0.0,0.0,1.0,1.0,0.0
292889.6732,0,1004.606758,0.341943034,0.0,1.0,0.0,0.0,1.0,0.0
292888.0196,0,0.0,0.0,0.0,0.0,0.0,1.0,1.0,0.0
293619.7705,1,0.478596326,0.478596326,0.0,0.0,1.0,0.0,0.0,1.0
293527.0,0,0.0,0.0,0.0,0.0,1.0,0.0,0.0,1.0
292896.7387,0,1063.334047,0.516119189,1.0,0.0,0.0,0.0,1.0,0.0
292997.0,0,3.0,0.429,0.0,0.0,1.0,0.0,0.0,1.0
292887.5449,0,0.0,0.0,0.0,0.0,0.0,1.0,1.0,0.0
293097.7784,0,19.65591937,0.543028975,0.0,0.0,1.0,0.0,0.0,1.0
293477.0,0,2.0,0.4,0.0,0.0,1.0,0.0,0.0,1.0
292890.0817,0,0.0,0.0,0.0,0.0,0.0,1.0,1.0,0.0
293501.0,0,7.0,0.438,0.0,0.0,1.0,0.0,0.0,1.0
293407.0,0,0.0,0.0,0.0,0.0,1.0,0.0,0.0,1.0
292901.1943,1,794.0813153,0.487259079,0.0,1.0,0.0,0.0,0.0,1.0
292890.1803,0,0.0,0.0,0.0,0.0,0.0,1.0,1.0,0.0
292881.2789,0,960.4340243,0.249392443,0.0,1.0,0.0,0.0,1.0,0.0
292884.8237,0,693.441717,0.208911845,0.0,0.0,1.0,0.0,0.0,1.0
292898.1405,0,494.6183968,0.265433556,1.0,0.0,0.0,0.0,1.0,0.0
293021.0,0,47.0,0.516,0.0,0.0,1.0,0.0,0.0,1.0
292941.0,1,9.0,0.205,0.0,0.0,1.0,0.0,0.0,1.0
292890.6347,0,0.0,0.0,0.0,0.0,0.0,1.0,1.0,0.0
292888.668,0,0.0,0.0,0.0,0.0,0.0,1.0,1.0,0.0
293446.8148,0,0.0,0.0,0.0,0.0,1.0,0.0,0.0,1.0
292890.6048,0,795.6118146,0.340296876,0.0,1.0,0.0,0.0,1.0,0.0
292900.1342,0,543.7025091,0.28825275,1.0,0.0,0.0,0.0,1.0,0.0
292893.2495,0,478.361207,0.21586878,1.0,0.0,0.0,0.0,1.0,0.0
292897.1235,0,370.9747345,0.202691299,1.0,0.0,0.0,0.0,1.0,0.0
292883.7945,0,1619.811319,0.420425462,0.0,1.0,0.0,0.0,1.0,0.0
292887.6001,0,0.0,0.0,0.0,0.0,0.0,1.0,1.0,0.0
292882.2001,0,884.9084734,0.229802198,0.0,1.0,0.0,0.0,1.0,0.0
292889.9412,0,0.0,0.0,0.0,0.0,0.0,1.0,1.0,0.0
292888.6047,0,1024.130738,0.328466526,0.0,1.0,0.0,0.0,1.0,0.0
293661.2506,0,3.228922993,0.322892299,0.0,0.0,1.0,0.0,0.0,1.0
292975.0,0,6.0,0.231,0.0,0.0,1.0,0.0,0.0,1.0
293007.0,1,34.0,0.27,0.0,0.0,1.0,0.0,0.0,1.0
292889.1954,0,0.0,0.0,0.0,0.0,0.0,1.0,1.0,0.0
293117.0,0,5.0,0.385,0.0,0.0,1.0,0.0,0.0,1.0
292898.4781,0,954.6196653,0.504233083,1.0,0.0,0.0,0.0,1.0,0.0
293213.6954,1,1.376902226,0.029328017,0.0,0.0,1.0,0.0,0.0,1.0
292894.3265,0,919.577171,0.400635053,0.0,1.0,0.0,0.0,1.0,0.0
292881.1354,0,806.9187984,0.209572794,0.0,1.0,0.0,0.0,1.0,0.0
292890.717,0,0.0,0.0,0.0,0.0,0.0,1.0,1.0,0.0
292921.0,0,1.0,0.333,0.0,0.0,1.0,0.0,0.0,1.0
292898.2362,0,848.1340852,0.449948934,0.0,1.0,0.0,0.0,1.0,0.0
292888.7653,0,0.0,0.0,0.0,0.0,0.0,1.0,1.0,0.0
293727.0,1,1.0,1.0,0.0,0.0,1.0,0.0,0.0,1.0
292899.5351,0,824.4003256,0.466331258,0.0,1.0,0.0,0.0,1.0,0.0
292935.0,1,1.0,0.333,0.0,0.0,1.0,0.0,0.0,1.0
292889.3588,0,0.0,0.0,0.0,0.0,0.0,1.0,1.0,0.0
292889.3086,0,0.0,0.0,0.0,0.0,0.0,1.0,1.0,0.0
292894.1246,0,500.6776025,0.225933036,1.0,0.0,0.0,0.0,1.0,0.0
292890.9415,0,0.0,0.0,0.0,0.0,0.0,1.0,1.0,0.0
292887.6572,0,0.0,0.0,0.0,0.0,0.0,1.0,1.0,0.0
292888.6187,0,0.0,0.0,0.0,0.0,0.0,1.0,1.0,0.0
292894.2403,0,503.6268993,0.227263111,1.0,0.0,0.0,0.0,1.0,0.0
293325.0,1,4.0,0.364,0.0,0.0,1.0,0.0,0.0,1.0
292881.5936,0,1144.829094,0.297221881,0.0,1.0,0.0,0.0,1.0,0.0
293621.0,0,1.0,1.0,0.0,0.0,1.0,0.0,0.0,1.0
293345.0,0,4.0,0.5,0.0,0.0,1.0,0.0,0.0,1.0
292888.3668,0,0.0,0.0,0.0,0.0,0.0,1.0,1.0,0.0
293195.0,0,29.0,0.617,0.0,0.0,1.0,0.0,0.0,1.0
292883.917,0,1565.975716,0.406461278,0.0,1.0,0.0,0.0,1.0,0.0
293591.0,0,53.0,0.461,0.0,0.0,1.0,0.0,0.0,1.0
292888.2415,0,0.0,0.0,0.0,0.0,0.0,1.0,1.0,0.0
292896.9193,0,489.2450461,0.252977152,1.0,0.0,0.0,0.0,1.0,0.0
292884.6999,0,1068.015305,0.277297485,0.0,1.0,0.0,0.0,1.0,0.0
293735.0,0,0.0,0.0,0.0,0.0,1.0,0.0,0.0,1.0
292896.8145,0,876.268874,0.424542717,1.0,0.0,0.0,0.0,1.0,0.0
293333.0,0,15.0,0.5,0.0,0.0,1.0,0.0,0.0,1.0
292887.8923,0,0.0,0.0,0.0,0.0,0.0,1.0,1.0,0.0
292883.2255,0,796.6783424,0.237886328,0.0,1.0,0.0,0.0,1.0,0.0
292895.8118,0,543.7010745,0.245335779,1.0,0.0,0.0,0.0,1.0,0.0
292895.7325,0,405.054859,0.206168863,1.0,0.0,0.0,0.0,1.0,0.0
292900.9546,0,799.8389288,0.48731039,1.0,0.0,0.0,0.0,1.0,0.0
292894.9963,0,423.0908721,0.208009273,1.0,0.0,0.0,0.0,1.0,0.0
292887.6135,0,0.0,0.0,0.0,0.0,0.0,1.0,1.0,0.0
292888.2662,0,0.0,0.0,0.0,0.0,0.0,1.0,1.0,0.0
292889.9128,0,0.0,0.0,0.0,0.0,0.0,1.0,1.0,0.0
292882.6332,0,916.6327521,0.238031021,0.0,1.0,0.0,0.0,1.0,0.0
292898.9296,0,681.5725017,0.368984441,1.0,0.0,0.0,0.0,1.0,0.0
292882.6795,0,1781.209893,0.462289938,0.0,1.0,0.0,0.0,1.0,0.0
293507.0,0,3.0,0.6,0.0,0.0,1.0,0.0,0.0,1.0
292897.7801,0,998.2459937,0.509002895,1.0,0.0,0.0,0.0,1.0,0.0
292884.7088,0,1068.67306,0.277468097,0.0,1.0,0.0,0.0,1.0,0.0
292883.8237,0,1003.835538,0.260650174,0.0,1.0,0.0,0.0,1.0,0.0
292890.0917,0,0.0,0.0,0.0,0.0,0.0,1.0,1.0,0.0
292888.0153,0,0.0,0.0,0.0,0.0,0.0,1.0,1.0,0.0
292898.5042,0,794.4701175,0.449925359,0.0,1.0,0.0,0.0,1.0,0.0
292891.5001,0,795.482423,0.352721374,0.0,1.0,0.0,0.0,1.0,0.0
292937.0,0,2.0,0.667,0.0,0.0,1.0,0.0,0.0,1.0
292894.3792,0,795.0663054,0.392677979,0.0,1.0,0.0,0.0,1.0,0.0
292902.2073,0,478.1507047,0.29181483,1.0,0.0,0.0,0.0,1.0,0.0
292884.1456,0,796.545371,0.250654566,0.0,1.0,0.0,0.0,1.0,0.0
293357.0,0,0.0,0.0,0.0,0.0,1.0,0.0,0.0,1.0
292888.9842,0,0.0,0.0,0.0,0.0,0.0,1.0,1.0,0.0
292893.8616,0,932.1930476,0.380479117,1.0,0.0,0.0,0.0,1.0,0.0
292900.5822,0,804.9135453,0.480764784,1.0,0.0,0.0,0.0,1.0,0.0
293197.0,0,8.0,0.17,0.0,0.0,1.0,0.0,0.0,1.0
292890.4571,0,1082.452273,0.372518325,1.0,0.0,0.0,0.0,1.0,0.0
293721.0,1,0.0,0.0,0.0,0.0,1.0,0.0,0.0,1.0
292902.972,0,514.6632511,0.314181154,1.0,0.0,0.0,0.0,1.0,0.0
293703.0,1,0.0,0.0,0.0,0.0,1.0,0.0,0.0,1.0
292887.4497,0,0.0,0.0,0.0,0.0,0.0,1.0,1.0,0.0
292887.3014,0,0.0,0.0,0.0,0.0,0.0,1.0,1.0,0.0
292896.1821,0,553.1445441,0.249594598,1.0,0.0,0.0,0.0,1.0,0.0
292888.7045,0,795.8864642,0.313924371,0.0,1.0,0.0,0.0,1.0,0.0
292882.5937,0,913.7412378,0.237281004,0.0,1.0,0.0,0.0,1.0,0.0
292886.3334,0,796.2291576,0.281018133,0.0,1.0,0.0,0.0,1.0,0.0
292882.7219,0,1806.006794,0.468721899,0.0,1.0,0.0,0.0,1.0,0.0
292882.605,0,914.5690337,0.237495722,0.0,1.0,0.0,0.0,1.0,0.0
292889.6548,0,0.0,0.0,0.0,0.0,0.0,1.0,1.0,0.0
292898.1805,0,973.216649,0.506266354,1.0,0.0,0.0,0.0,1.0,0.0
292890.9972,0,0.0,0.0,0.0,0.0,0.0,1.0,1.0,0.0
293317.0,0,0.0,0.0,0.0,0.0,1.0,0.0,0.0,1.0
292890.6795,0,0.0,0.0,0.0,0.0,0.0,1.0,1.0,0.0
292902.2086,0,523.6503885,0.307613418,1.0,0.0,0.0,0.0,1.0,0.0
292884.8804,0,1142.555683,0.296632191,0.0,1.0,0.0,0.0,1.0,0.0
292896.4047,0,558.819411,0.252153852,1.0,0.0,0.0,0.0,1.0,0.0
293278.2875,0,10.57604315,0.40677089,0.0,0.0,1.0,0.0,0.0,1.0
293253.0,1,3.0,0.25,0.0,0.0,1.0,0.0,0.0,1.0
292887.9512,0,0.0,0.0,0.0,0.0,0.0,1.0,1.0,0.0
293385.9868,1,0.0,0.0,0.0,0.0,1.0,0.0,0.0,1.0
293537.0,0,12.0,0.462,0.0,0.0,1.0,0.0,0.0,1.0
293347.0,0,2.0,0.25,0.0,0.0,1.0,0.0,0.0,1.0
292890.4583,0,1082.475366,0.372558422,1.0,0.0,0.0,0.0,1.0,0.0
292887.3402,0,0.0,0.0,0.0,0.0,0.0,1.0,1.0,0.0
292890.6963,0,0.0,0.0,0.0,0.0,0.0,1.0,1.0,0.0
292889.0275,0,0.0,0.0,0.0,0.0,0.0,1.0,1.0,0.0
292890.5291,0,0.0,0.0,0.0,0.0,0.0,1.0,1.0,0.0
293659.0,0,2.0,0.2,0.0,0.0,1.0,0.0,0.0,1.0
293610.2799,1,0.22667399,0.22667399,0.0,0.0,1.0,0.0,0.0,1.0
292900.6205,0,820.7200723,0.489593395,1.0,0.0,0.0,0.0,1.0,0.0
292888.1507,0,0.0,0.0,0.0,0.0,0.0,1.0,1.0,0.0
292881.5252,0,835.4677732,0.216977989,0.0,1.0,0.0,0.0,1.0,0.0
293471.0,0,1.0,1.0,0.0,0.0,1.0,0.0,0.0,1.0
292896.2061,0,1096.621143,0.519758578,1.0,0.0,0.0,0.0,1.0,0.0
293151.0,1,0.0,0.0,0.0,0.0,1.0,0.0,0.0,1.0
293461.0,0,0.0,0.0,0.0,0.0,1.0,0.0,0.0,1.0
292896.4878,0,487.3464372,0.248575832,1.0,0.0,0.0,0.0,1.0,0.0
292893.5441,0,795.1870028,0.381088321,0.0,1.0,0.0,0.0,1.0,0.0
292897.3219,0,591.9444899,0.277346833,1.0,0.0,0.0,0.0,1.0,0.0
292897.8371,0,493.2830843,0.262338059,1.0,0.0,0.0,0.0,1.0,0.0
292890.3135,0,0.0,0.0,0.0,0.0,0.0,1.0,1.0,0.0
292890.1773,0,0.0,0.0,0.0,0.0,0.0,1.0,1.0,0.0
292893.6611,0,795.1700865,0.382712671,0.0,1.0,0.0,0.0,1.0,0.0
293015.0,0,11.0,0.733,0.0,0.0,1.0,0.0,0.0,1.0
293043.0,1,3.0,0.5,0.0,0.0,1.0,0.0,0.0,1.0
293291.0,0,2.0,0.286,0.0,0.0,1.0,0.0,0.0,1.0
293273.0,0,3.0,0.6,0.0,0.0,1.0,0.0,0.0,1.0
293213.0,0,5.0,0.625,0.0,0.0,1.0,0.0,0.0,1.0
292888.3633,0,0.0,0.0,0.0,0.0,0.0,1.0,1.0,0.0
292969.0,0,0.0,0.0,0.0,0.0,1.0,0.0,0.0,1.0
292898.1711,0,494.7527686,0.265745054,1.0,0.0,0.0,0.0,1.0,0.0
293561.0,0,1.0,1.0,0.0,0.0,1.0,0.0,0.0,1.0
293179.0,0,2.0,0.5,0.0,0.0,1.0,0.0,0.0,1.0
292890.2257,0,0.0,0.0,0.0,0.0,0.0,1.0,1.0,0.0
293316.268,0,0.469498303,0.042724346,0.0,0.0,1.0,0.0,0.0,1.0
292890.1093,0,0.0,0.0,0.0,0.0,0.0,1.0,1.0,0.0
292893.1363,0,475.4752181,0.214567255,1.0,0.0,0.0,0.0,1.0,0.0
292890.7233,0,0.0,0.0,0.0,0.0,0.0,1.0,1.0,0.0
292888.7649,0,0.0,0.0,0.0,0.0,0.0,1.0,1.0,0.0
293081.3539,0,0.212390499,0.212390499,0.0,0.0,1.0,0.0,0.0,1.0
293162.2631,0,9.589468266,0.404561464,0.0,0.0,1.0,0.0,0.0,1.0
292882.9175,0,937.459673,0.243433226,0.0,1.0,0.0,0.0,1.0,0.0
293011.0,0,21.0,0.167,0.0,0.0,1.0,0.0,0.0,1.0
292897.2176,0,571.8969777,0.261030504,1.0,0.0,0.0,0.0,1.0,0.0
292887.8354,0,0.0,0.0,0.0,0.0,0.0,1.0,1.0,0.0
292887.667,0,0.0,0.0,0.0,0.0,0.0,1.0,1.0,0.0
292887.2275,0,0.0,0.0,0.0,0.0,0.0,1.0,1.0,0.0
292896.5949,0,794.7460735,0.423427411,0.0,1.0,0.0,0.0,1.0,0.0
292890.8063,0,0.0,0.0,0.0,0.0,0.0,1.0,1.0,0.0
292887.4299,0,0.0,0.0,0.0,0.0,0.0,1.0,1.0,0.0
292889.088,0,0.0,0.0,0.0,0.0,0.0,1.0,1.0,0.0
292901.2534,0,532.8839417,0.298698263,1.0,0.0,0.0,0.0,1.0,0.0
293227.0,0,1.0,0.333,0.0,0.0,1.0,0.0,0.0,1.0
293467.0,0,0.0,0.0,0.0,0.0,1.0,0.0,0.0,1.0
292889.7656,0,0.0,0.0,0.0,0.0,0.0,1.0,1.0,0.0
293052.335,1,0.277919338,0.055583868,0.0,0.0,1.0,0.0,0.0,1.0
292887.0745,0,0.0,0.0,0.0,0.0,0.0,1.0,1.0,0.0
293652.4069,0,1.0,0.606467081,0.0,0.0,1.0,0.0,0.0,1.0
292887.8804,0,0.0,0.0,0.0,0.0,0.0,1.0,1.0,0.0
292888.7611,0,0.0,0.0,0.0,0.0,0.0,1.0,1.0,0.0
292900.3695,0,541.4285177,0.290448328,1.0,0.0,0.0,0.0,1.0,0.0
293533.5838,0,1.487837704,0.707297377,0.0,0.0,1.0,0.0,0.0,1.0
292902.8134,0,517.8036236,0.31325857,1.0,0.0,0.0,0.0,1.0,0.0
292898.6289,0,664.8099996,0.351846098,1.0,0.0,0.0,0.0,1.0,0.0
292899.0816,0,916.8986934,0.500108924,1.0,0.0,0.0,0.0,1.0,0.0
292893.7733,0,491.7197288,0.221893211,1.0,0.0,0.0,0.0,1.0,0.0
293081.3515,0,0.212457844,0.212457844,0.0,0.0,1.0,0.0,0.0,1.0
292889.0817,0,0.0,0.0,0.0,0.0,0.0,1.0,1.0,0.0
292898.8439,0,497.7132365,0.272607957,1.0,0.0,0.0,0.0,1.0,0.0
292898.2114,0,641.5374194,0.328051711,1.0,0.0,0.0,0.0,1.0,0.0
292886.0236,0,1071.295685,0.29591073,0.0,1.0,0.0,0.0,1.0,0.0
292887.2621,0,0.0,0.0,0.0,0.0,0.0,1.0,1.0,0.0
292896.6669,0,565.506156,0.255169443,1.0,0.0,0.0,0.0,1.0,0.0
292889.4931,0,0.0,0.0,0.0,0.0,0.0,1.0,1.0,0.0
292889.1945,0,0.0,0.0,0.0,0.0,0.0,1.0,1.0,0.0
292890.165,0,0.0,0.0,0.0,0.0,0.0,1.0,1.0,0.0
292890.0399,0,0.0,0.0,0.0,0.0,0.0,1.0,1.0,0.0
292888.9788,0,0.0,0.0,0.0,0.0,0.0,1.0,1.0,0.0
292889.7996,0,0.0,0.0,0.0,0.0,0.0,1.0,1.0,0.0
292888.6619,0,0.0,0.0,0.0,0.0,0.0,1.0,1.0,0.0
293119.0693,1,0.839105726,0.279841759,0.0,0.0,1.0,0.0,0.0,1.0
292898.4513,0,956.2953237,0.504416289,1.0,0.0,0.0,0.0,1.0,0.0
292887.0838,0,0.0,0.0,0.0,0.0,0.0,1.0,1.0,0.0
292889.3143,0,0.0,0.0,0.0,0.0,0.0,1.0,1.0,0.0
293403.0,1,0.0,0.0,0.0,0.0,1.0,0.0,0.0,1.0
292887.8179,0,0.0,0.0,0.0,0.0,0.0,1.0,1.0,0.0
292881.8325,0,857.9792861,0.222817153,0.0,1.0,0.0,0.0,1.0,0.0
292887.9389,0,0.0,0.0,0.0,0.0,0.0,1.0,1.0,0.0
293360.7169,1,0.0,0.0,0.0,0.0,1.0,0.0,0.0,1.0
292881.3989,0,826.2217535,0.214579704,0.0,1.0,0.0,0.0,1.0,0.0
292898.7039,0,668.9908998,0.356120741,1.0,0.0,0.0,0.0,1.0,0.0
293429.0,0,2.0,0.667,0.0,0.0,1.0,0.0,0.0,1.0
293215.0,0,2.0,0.25,0.0,0.0,1.0,0.0,0.0,1.0
292883.3301,0,967.6764922,0.251271036,0.0,1.0,0.0,0.0,1.0,0.0
292889.6681,0,1066.900348,0.345515525,1.0,0.0,0.0,0.0,1.0,0.0
293171.0,0,3.0,0.75,0.0,0.0,1.0,0.0,0.0,1.0
292900.1787,0,812.6392496,0.474449389,0.0,1.0,0.0,0.0,1.0,0.0
292881.6679,0,796.9034657,0.216269455,0.0,1.0,0.0,0.0,1.0,0.0
292893.5559,0,795.1852937,0.381252435,0.0,1.0,0.0,0.0,1.0,0.0
292901.1164,0,794.0925825,0.48617718,0.0,1.0,0.0,0.0,1.0,0.0
293765.0,0,0.0,0.0,0.0,0.0,1.0,0.0,0.0,1.0
293609.6734,0,24.6950908,0.21473992,0.0,0.0,1.0,0.0,0.0,1.0
293729.0,0,0.0,0.0,0.0,0.0,1.0,0.0,0.0,1.0
292890.7726,0,0.0,0.0,0.0,0.0,0.0,1.0,1.0,0.0
292883.9922,0,1016.18129,0.263852485,0.0,1.0,0.0,0.0,1.0,0.0
293695.0,0,0.0,0.0,0.0,0.0,1.0,0.0,0.0,1.0
292884.1794,0,1450.658338,0.376549603,0.0,1.0,0.0,0.0,1.0,0.0
292890.7374,0,0.0,0.0,0.0,0.0,0.0,1.0,1.0,0.0
292883.3332,0,967.9093152,0.251331426,0.0,1.0,0.0,0.0,1.0,0.0
293109.1375,0,17.66736558,0.441347937,0.0,0.0,1.0,0.0,0.0,1.0
292887.4408,0,0.0,0.0,0.0,0.0,0.0,1.0,1.0,0.0
293375.0,0,0.0,0.0,0.0,0.0,1.0,0.0,0.0,1.0
292893.0585,0,942.7477428,0.384641471,0.0,1.0,0.0,0.0,1.0,0.0
292889.555,0,0.0,0.0,0.0,0.0,0.0,1.0,1.0,0.0
293519.0,0,1.0,0.5,0.0,0.0,1.0,0.0,0.0,1.0
292890.3146,0,0.0,0.0,0.0,0.0,0.0,1.0,1.0,0.0
292897.5257,0,862.7988306,0.435155991,1.0,0.0,0.0,0.0,1.0,0.0
292888.5577,0,0.0,0.0,0.0,0.0,0.0,1.0,1.0,0.0
292896.5187,0,487.4823047,0.248890797,1.0,0.0,0.0,0.0,1.0,0.0
292895.3717,0,482.4356249,0.237191676,1.0,0.0,0.0,0.0,1.0,0.0
293525.0,0,1.0,1.0,0.0,0.0,1.0,0.0,0.0,1.0
292882.5961,0,913.9144193,0.237325924,0.0,1.0,0.0,0.0,1.0,0.0
293623.0,0,0.0,0.0,0.0,0.0,1.0,0.0,0.0,1.0
292896.9687,0,873.3479648,0.42684415,1.0,0.0,0.0,0.0,1.0,0.0
292890.7935,0,0.0,0.0,0.0,0.0,0.0,1.0,1.0,0.0
292896.7477,0,567.5666437,0.256098682,1.0,0.0,0.0,0.0,1.0,0.0
293779.0,0,1.0,0.2,0.0,0.0,1.0,0.0,0.0,1.0
292892.8318,0,951.6961753,0.365112273,1.0,0.0,0.0,0.0,1.0,0.0
293161.0027,0,0.000941067,1.38e-05,0.0,0.0,1.0,0.0,0.0,1.0
292900.4515,0,807.3875549,0.47881547,1.0,0.0,0.0,0.0,1.0,0.0
292887.5138,0,0.0,0.0,0.0,0.0,0.0,1.0,1.0,0.0
292900.8709,0,789.8030567,0.47964169,1.0,0.0,0.0,0.0,1.0,0.0
292884.5958,0,1060.3956,0.275321043,0.0,1.0,0.0,0.0,1.0,0.0
293367.0,1,1.0,0.5,0.0,0.0,1.0,0.0,0.0,1.0
292887.0022,0,0.0,0.0,0.0,0.0,0.0,1.0,1.0,0.0
293265.0,1,8.0,0.308,0.0,0.0,1.0,0.0,0.0,1.0
292888.3525,0,0.0,0.0,0.0,0.0,0.0,1.0,1.0,0.0
292899.2306,0,794.3651367,0.460005866,0.0,1.0,0.0,0.0,1.0,0.0
293061.0,1,1.0,0.2,0.0,0.0,1.0,0.0,0.0,1.0
292888.1354,0,0.0,0.0,0.0,0.0,0.0,1.0,1.0,0.0
292884.3525,0,1374.582858,0.356816714,0.0,1.0,0.0,0.0,1.0,0.0
292959.0,1,6.0,0.316,0.0,0.0,1.0,0.0,0.0,1.0
292899.4193,0,550.6133541,0.28158021,1.0,0.0,0.0,0.0,1.0,0.0
292888.5435,0,1044.733244,0.307026793,1.0,0.0,0.0,0.0,1.0,0.0
292882.7649,0,1831.259947,0.475272205,0.0,1.0,0.0,0.0,1.0,0.0
292884.4692,0,1051.115796,0.272913995,0.0,1.0,0.0,0.0,1.0,0.0
293705.0,0,3.0,0.75,0.0,0.0,1.0,0.0,0.0,1.0
293085.4757,1,1.0,0.743903565,0.0,0.0,1.0,0.0,0.0,1.0
292890.5771,0,0.0,0.0,0.0,0.0,0.0,1.0,1.0,0.0
292891.5922,0,1104.82749,0.411368403,1.0,0.0,0.0,0.0,1.0,0.0
292889.9699,0,0.0,0.0,0.0,0.0,0.0,1.0,1.0,0.0
292890.3568,0,0.0,0.0,0.0,0.0,0.0,1.0,1.0,0.0
